--Level-1: Problem 1 - Basic Customer Order Report
--Scenario:
--The store manager wants a simple report showing customer orders along with their order dates and status. This report will help track pending and completed orders.
-- Requirements
--1. Retrieve customer first name, last name, order_id, order_date, and order_status.
--2. Display only orders with status Pending (1) or Completed (4).
--3. Sort the results by order_date in descending order.

CREATE TABLE customers_table(
customer_id INT PRIMARY KEY,
first_name VARCHAR(50),
last_name VARCHAR(50)
);

CREATE TABLE orders_table(
order_id INT PRIMARY KEY,
customer_id INT,
order_date DATE,
order_status INT
);

INSERT INTO customers_table VALUES
(1,'Lucky','Priya'),
(2,'Latha','Madhu'),
(3,'Arjun','Kumar');

INSERT INTO orders_table VALUES
(101,1,'2024-01-10',1),
(102,2,'2024-01-15',4),
(103,3,'2024-02-01',2),
(104,1,'2024-02-05',4);

select c.first_name,c.last_name,o.order_id,o.order_status,o.order_status from 
customers_table c inner join orders_table o on c.customer_id=o.customer_id 
where o.order_status=1 or o.order_status=4 order by o.order_date desc;

--Level-1: Problem 2 - Product Price Listing by Category
--Scenario:
--The sales team wants a product listing categorized by product category along with brand details to understand product distribution.
-- Requirements
--1. Display product_name, brand_name, category_name, model_year, and list_price.
--2. Filter products with list_price greater than 500.
--3. Sort results by list_price in ascending order.

CREATE TABLE brands(
brand_id INT PRIMARY KEY,
brand_name VARCHAR(50)
);

CREATE TABLE categories(
category_id INT PRIMARY KEY,
category_name VARCHAR(50)
);

CREATE TABLE products(
product_id INT PRIMARY KEY,
product_name VARCHAR(50),
brand_id INT,
category_id INT,
model_year INT,
list_price DECIMAL(10,2)
);

INSERT INTO brands VALUES
(1,'Nike'),
(2,'Adidas');

INSERT INTO categories VALUES
(1,'Shoes'),
(2,'Clothing');

INSERT INTO products VALUES
(1,'Running Shoes',1,1,2023,800),
(2,'Sports Jacket',2,2,2024,450),
(3,'Training Shoes',2,1,2024,900);

SELECT P.product_name,
       B.brand_name,
       C.category_name,
       P.model_year,
       P.list_price
FROM products P
INNER JOIN brands B
ON P.brand_id = B.brand_id
INNER JOIN categories C
ON P.category_id = C.category_id
WHERE P.list_price > 500
ORDER BY P.list_price ASC;

-- Level-2: Problem 1 - Store Wise Sales Summary
--Scenario:
--The regional manager wants to analyze total sales generated by each store.
-- Requirements
--1. Display store_name and total sales amount.
--2. Calculate total sales using (quantity * list_price * (1 - discount)).
--3. Include only completed orders (order_status = 4).
--4. Group results by store_name.
--5. Sort total sales in descending order.

CREATE TABLE stores(
store_id INT PRIMARY KEY,
store_name VARCHAR(50)
);

CREATE TABLE products1(
product_id INT PRIMARY KEY,
product_name VARCHAR(50)
);

CREATE TABLE orders2(
order_id INT PRIMARY KEY,
store_id INT,
order_status INT
);

CREATE TABLE order_items(
order_item_id INT PRIMARY KEY,
order_id INT,
product_id INT,
quantity INT,
list_price DECIMAL(10,2),
discount DECIMAL(4,2)
);

CREATE TABLE stocks(
store_id INT,
product_id INT,
quantity INT
);

INSERT INTO stores VALUES
(1,'Hyderabad Store'),
(2,'Delhi Store');

INSERT INTO products1 VALUES
(1,'Laptop'),
(2,'Mobile'),
(3,'Headphones');

INSERT INTO orders2 VALUES
(101,1,4),
(102,1,1),
(103,2,4);

INSERT INTO order_items VALUES
(1,101,1,2,50000,0.10),
(2,101,2,3,20000,0.05),
(3,103,3,5,3000,0.02);

INSERT INTO stocks VALUES
(1,1,20),
(1,2,30),
(2,3,50),
(2,1,10);

SELECT s.store_name,
SUM(oi.quantity * oi.list_price * (1 - oi.discount)) AS total_sales
FROM stores s
INNER JOIN orders2 o
ON s.store_id = o.store_id
INNER JOIN order_items oi
ON o.order_id = oi.order_id
WHERE o.order_status = 4
GROUP BY s.store_name
ORDER BY total_sales DESC;

--Level-2: Problem 2 - Product Stock and Sales Analysis
--Scenario:
--The inventory manager wants to compare stock availability and total quantity sold for each product.
-- Requirements
--1. Display product_name, store_name, available stock quantity, and total quantity sold.
--2. Include products even if they have not been sold (use appropriate join).
--3. Group results by product_name and store_name.
--4. Sort results by product_name.

SELECT p.product_name,
s.store_name,
st.quantity AS available_stock,
SUM(oi.quantity) AS total_quantity_sold
FROM stocks st
INNER JOIN products1 p
ON st.product_id = p.product_id
INNER JOIN stores s
ON st.store_id = s.store_id
LEFT JOIN order_items oi
ON st.product_id = oi.product_id
GROUP BY p.product_name, s.store_name, st.quantity
ORDER BY p.product_name;


